id,language,bytes,created_at
79607,"viml",367,"2015-10-09 20:51:55"
58021,"c",43562612,"2015-10-09 20:51:55"
935276,"perl",2291,"2015-10-09 20:51:55"
58021,"php",25023586,"2015-10-09 20:51:55"
58021,"c++",1268014,"2015-10-09 20:51:55"
58021,"objective-c",711164,"2015-10-09 20:51:55"
58021,"shell",293443,"2015-10-09 20:51:55"
1982683,"javascript",333654,"2015-10-09 20:51:55"
58021,"javascript",92321,"2015-10-09 20:51:55"
58021,"perl",10643,"2015-10-09 20:51:55"
58021,"d",2194,"2015-10-09 20:51:55"
3,"haskell",72350,"2015-10-09 20:51:55"
1,"shell",7055,"2015-10-09 20:51:55"
1,"julia",547,"2015-10-09 20:51:55"
1,"python",388,"2015-10-09 20:51:55"
361289,"c",373646,"2015-10-09 20:51:55"
361289,"php",124494,"2015-10-09 20:51:55"
361289,"shell",2049,"2015-10-09 20:51:55"
3,"python",432495,"2015-10-09 20:51:55"
1473442,"shell",315,"2015-10-09 20:51:55"
